path_index,interaction_chain,a_real,a_imag,a_abs,phase_deg,path_gain_db,delay_us,path_length_m,excess_delay_us,aod_theta_deg,aod_phi_deg,aoa_theta_deg,aoa_phi_deg,doppler_hz
0,NHIEU_XA,-1.824602804845199e-06,4.473515673453221e-06,4.831306021779266e-06,112.18896357103566,-106.31870905626903,0.4747871571453288,142.3376088674304,0.1412230687947158,89.99998201391065,-96.88895862210971,89.999995674289,-162.39347121557762,0.0
1,PHAN_XA_KHUECH_TAN -> KHUC_XA_TRUYEN_XUYEN -> KHUC_XA_TRUYEN_XUYEN,-5.45742899760171e-08,-9.452271854115679e-08,1.0914622048791769e-07,-120.00071510241555,-139.23982596861782,0.34463579368093633,103.31921170238877,0.011071705330323312,121.43131046101541,-83.12224789708544,91.086275790077,-178.2348928821283,0.0
2,PHAN_XA_GUONG -> KHUC_XA_TRUYEN_XUYEN -> NHIEU_XA,2.209367448813282e-05,-7.735962572041899e-05,8.045273235876381e-05,-74.06081883842904,-81.8891840336153,0.3339642375976837,100.1199596735056,0.000400149247070658,92.28983025391412,-0.4649830036343364,92.28977561240075,-174.3542799240505,0.0
3,PHAN_XA_GUONG -> KHUC_XA_TRUYEN_XUYEN -> KHUC_XA_TRUYEN_XUYEN,5.5295553465839475e-05,0.00012589986727107316,0.00013750772637189282,66.28879226023248,-77.23345797465177,0.33383082609361736,100.07996391077609,0.0002667377430043416,92.2907454992629,-8.743145945620085e-06,92.29062255585784,-180.00000500895632,0.0
4,NHIEU_XA -> KHUC_XA_TRUYEN_XUYEN -> KHUC_XA_TRUYEN_XUYEN,-1.3708867641071265e-07,1.6118684698085417e-07,2.1159986965891634e-07,130.3810120416245,-133.48969208306133,0.6345459269141429,190.23208314347926,0.3009818385635299,92.53990396999579,-180.00000500895632,90.78977044801758,-179.99995036744298,0.0
5,PHAN_XA_GUONG -> PHAN_XA_KHUECH_TAN,-2.275620090586017e-06,-7.340130423472147e-07,2.391071296096067e-06,-162.12262507144666,-112.42814948111848,0.4802848252438707,143.98576829996045,0.1467207368932577,100.31495418903143,-136.53815894270954,89.77177173336219,-171.8411118189443,0.0
6,PHAN_XA_GUONG -> KHUC_XA_TRUYEN_XUYEN -> NHIEU_XA,-1.3668965266333544e-06,-2.1706964616896585e-06,2.565215243076949e-06,-122.19879058323967,-111.8175237614632,0.42433492808413575,127.21241110559629,0.09077083973352273,91.80195667168927,17.563373828013397,91.80188836979757,104.54069660586993,0.0
7,NHIEU_XA,2.1165602447581477e-05,-1.5559020539512858e-05,2.6269104421697555e-05,-36.31993339677486,-91.61109466254645,0.34687539596234274,103.990627575274,0.013311307611729717,93.68570918440045,-25.39998112694377,91.45184117483441,-170.2832412919128,0.0
8,NHIEU_XA -> KHUC_XA_TRUYEN_XUYEN -> KHUC_XA_TRUYEN_XUYEN,-1.2828955959776067e-06,3.2401022309613836e-08,1.2833046935258387e-06,178.55323592828626,-117.8334043470671,0.33596953130654583,100.72113160349733,0.0024054429559328128,97.65331826193666,-15.245542302980402,91.25157319818047,-177.54971562534928,0.0
9,NHIEU_XA -> PHAN_XA_GUONG,1.2467003216443118e-06,-2.346071596548427e-06,2.6567486949501483e-06,-62.01386380264962,-111.51299048167118,0.4749745698973129,142.39379379700824,0.14141048154669988,91.60970050693176,-96.88895862210971,91.60953658239167,-162.39330729103756,0.0
10,NHIEU_XA -> KHUC_XA_TRUYEN_XUYEN -> KHUC_XA_TRUYEN_XUYEN,-1.2006140650555608e-06,-6.272401833484764e-07,1.3545864242698833e-06,-152.41595637607617,-117.36386562455951,0.33596953130654583,100.72113160349733,0.0024054429559328128,97.65328411099081,-15.245508152034551,91.25162100950466,-177.54967464421426,0.0
11,PHAN_XA_GUONG -> PHAN_XA_GUONG -> PHAN_XA_KHUECH_TAN,-3.6275000070418173e-07,3.1625458518647065e-07,4.812530786003872e-07,138.91726218023595,-126.35252958541395,0.5313514179761114,159.29514765684382,0.1977873296254984,116.21061438778115,-151.9265478219916,78.72243127905999,-161.21432101764498,0.0
12,KHUC_XA_TRUYEN_XUYEN -> KHUC_XA_TRUYEN_XUYEN,-8.175121911335737e-05,-0.00014129634655546397,0.00016324190447443922,-120.05280924716642,-75.74336694277378,0.333564088350613,99.99999794715944,0.0,90.00000250447816,1.0179886868991745e-06,90.00000250447816,180.00000500895632,0.0
13,NHIEU_XA,-7.505648682126775e-05,-5.3826584917260334e-05,9.236220795220401e-05,-144.35388896092954,-80.69011387326158,0.3978429674589279,119.270321112526,0.06427887910831487,89.99998884409983,-33.33379226304719,89.99998884409983,-147.28111760141246,0.0
14,NHIEU_XA,-1.4678447769256309e-05,5.416693966253661e-06,1.5646002762329884e-05,159.7447479337362,-96.11193194829033,0.4096256986940716,122.80269507146312,0.0760616103434586,89.99998201391065,-50.90562528034764,89.99998884409983,-155.72954251034133,0.0
15,NHIEU_XA,-4.575905404635705e-05,3.312734770588577e-05,5.649170021555451e-05,144.09727504227098,-84.96030708444795,0.3368545833382086,100.9864635275274,0.0032904949875955936,90.00000250447816,-1.1642330647853534,89.99996152334315,-128.4265853032674,0.0
16,PHAN_XA_GUONG -> NHIEU_XA -> KHUC_XA_TRUYEN_XUYEN,3.5137385566486046e-05,-8.749772678129375e-05,9.428938464292697e-05,-68.12056493634252,-80.51074397144738,0.3338844294376031,100.09603378902659,0.00032034108699008357,92.29036983885854,-0.5550839776790886,92.29026055583182,-178.09819347607964,0.0
17,PHAN_XA_GUONG -> NHIEU_XA,3.402478250791319e-05,-2.5522882424411364e-05,4.2533555599798164e-05,-36.87452677235299,-87.42536621695041,0.3371187631273642,101.06566263587229,0.003554674776751199,92.26843810143363,-1.1642389344791715,92.26828783727188,-128.4265853032674,0.0
18,NHIEU_XA,-8.754072950978298e-06,6.658440270257415e-06,1.0998573546766667e-05,142.74299827298836,-99.17327273490655,0.40326392536371714,120.8954834075173,0.06969983701310412,89.99998201391065,-45.07676233322627,89.99998884409983,-154.31882157878854,0.0
19,NHIEU_XA -> KHUC_XA_TRUYEN_XUYEN,-1.4971043128753081e-05,7.51991246943362e-05,7.667490128560526e-05,101.25953295473846,-82.30693548947087,0.3336177201163082,100.01607634602408,5.363176569517236e-05,90.00000250447816,-0.5550800823368275,90.00000250447816,-178.09819347607964,0.0
20,PHAN_XA_GUONG -> NHIEU_XA,1.4477850527327973e-06,-5.929587132413872e-07,1.5645068215017123e-06,-22.272174702652514,-116.11245077839547,0.8454813382741122,253.46892859432558,0.5119172499234992,89.999995674289,-10.984579161913075,89.999995674289,-155.72954251034133,0.0
21,PHAN_XA_GUONG -> PHAN_XA_KHUECH_TAN -> PHAN_XA_GUONG,2.0994204987800913e-06,9.828091833696817e-07,2.3180768584354203e-06,25.085871006758865,-112.69744337227138,0.5038991162109596,151.06515463291123,0.1703350278603466,83.32393655308675,-156.11094027359485,95.90172990966524,-160.30035974442723,0.0
22,PHAN_XA_GUONG -> PHAN_XA_KHUECH_TAN,-1.0225448932033032e-06,-1.8284870861862146e-07,1.0387645107817518e-06,-169.86167731550466,-119.669657927773,0.44523548581310024,133.47824068073345,0.11167139746248722,92.81736674464922,-73.95263014388412,91.23291995155716,-163.11740296570727,0.0
23,PHAN_XA_GUONG -> PHAN_XA_KHUECH_TAN -> PHAN_XA_GUONG,6.207146725500934e-07,2.338860980444224e-07,6.63316976699236e-07,20.646474544339693,-123.56557774761158,0.4592955065163551,137.6933288468931,0.12573141816574207,92.81736674464922,-73.95263014388412,91.18143398559361,-156.24880081180237,0.0
24,PHAN_XA_GUONG -> PHAN_XA_KHUECH_TAN,4.657478029912454e-07,-4.233222057337116e-07,6.293827975552135e-07,-42.26797092808759,-124.02170263007477,0.48632358584654867,145.79614318431084,0.15275949749593565,117.90930975512,-93.9762654316928,82.71191745250776,-162.12272251687833,0.0
25,PHAN_XA_GUONG -> PHAN_XA_GUONG -> PHAN_XA_KHUECH_TAN,9.636672075430397e-06,4.122697646380402e-06,1.048151155954381e-05,23.16188904129042,-99.59152164736678,0.5658899908667081,169.64955131952797,0.23232590251609508,90.77068689947656,56.319106858000104,95.46976142579695,-147.2856665073997,0.0
26,KHUC_XA_TRUYEN_XUYEN -> NHIEU_XA,-2.634706561366329e-06,-6.007762181070575e-07,2.702334311063271e-06,-167.15481230328126,-111.36521849141069,0.4241250906034111,127.14950341146931,0.09056100225279806,90.00000933466734,17.56314330912891,90.00002299504568,104.5412976625169,0.0
27,KHUC_XA_TRUYEN_XUYEN -> NHIEU_XA -> PHAN_XA_GUONG,-7.550365239694656e-07,-1.8536626384957344e-06,2.0015357428441946e-06,-112.16212099752657,-113.97273299969714,0.44523389419737214,133.47776352634213,0.11166980584675912,90.00000933466734,17.56314330912891,90.00002299504568,101.98182770502719,0.0
28,NHIEU_XA -> PHAN_XA_GUONG -> PHAN_XA_GUONG,-3.428888703638222e-06,2.9450802685460076e-06,4.520041540751239e-06,139.34064383755734,-106.8971514770638,0.46085068561296794,138.1595598108969,0.12728659726235492,91.65908277463095,76.25533963009471,91.65905545387426,-140.8578028002574,0.0
29,KHUC_XA_TRUYEN_XUYEN -> NHIEU_XA -> KHUC_XA_TRUYEN_XUYEN,-1.8182399799115956e-06,5.039754796598572e-06,5.357716401078657e-06,109.83840209997717,-105.42040557083205,0.3469091893748555,104.00075858547541,0.013345101024242467,93.89366112387066,-25.373775398645726,91.53730050172962,-170.2728320836177,0.0
30,PHAN_XA_KHUECH_TAN,8.184086254914291e-06,0.0,8.184086254914291e-06,0.0,-101.74059604184191,0.3765062501770444,112.87373419293908,0.0429421618264314,91.34378075197564,-14.457268463321936,94.15068797252741,-129.32892159451777,0.0
31,PHAN_XA_KHUECH_TAN,1.3639708413393237e-05,0.0,1.3639708413393237e-05,0.0,-97.30389827659357,0.3348861810081871,100.39635135467734,0.0013220926575741032,91.41828445544215,-2.0581981054342413,95.85077669845694,-171.43941473347752,0.0
32,NHIEU_XA -> KHUC_XA_TRUYEN_XUYEN,-2.954214437522751e-07,2.0758245682372944e-06,2.096740677224112e-06,98.09967152261018,-113.56910558635195,0.4855786528423778,145.57281788794512,0.15201456449176476,57.667485237903584,9.264197542867163e-06,24.747464127228483,179.99997768819966,0.0
33,PHAN_XA_KHUECH_TAN,3.517714958434226e-06,0.0,3.517714958434226e-06,0.0,-109.07478708946681,0.45281299776434025,135.74992161412007,0.11924890941372723,84.09063211760986,-84.64352227054405,88.08059640429953,-161.19668546920798,0.0
34,PHAN_XA_GUONG -> KHUC_XA_TRUYEN_XUYEN -> NHIEU_XA,1.5315971495510894e-06,-2.0457124264794402e-05,2.0514378445708582e-05,-85.71833080306689,-93.75883273912613,0.39927553530105797,119.69979414716994,0.06571144695044495,91.0245035592234,172.65009308461896,104.76726081082843,179.32794171538376,0.0
35,PHAN_XA_KHUECH_TAN,9.182622875414381e-07,0.0,9.182622875414381e-07,0.0,-120.74066503039688,0.4778717084263917,143.26233407780728,0.1443076200757787,93.49451852915345,-99.86881306263535,91.03492642789683,-163.01135744865365,0.0
36,PHAN_XA_KHUECH_TAN,1.8586384840091341e-06,0.0,1.8586384840091341e-06,0.0,-114.61610149631133,0.3392252381217986,101.69716795216931,0.005661149771185592,93.50600007714824,-14.884319210987814,91.65972481241293,-173.0162731864017,0.0
37,KHUC_XA_TRUYEN_XUYEN -> PHAN_XA_GUONG -> NHIEU_XA,-2.546040889228607e-07,2.939327714557294e-06,2.950333990527317e-06,94.95059435504814,-110.6025763446228,0.5147209094502614,154.3094466280893,0.18115682109964837,89.99998884409983,-68.76411792201895,89.999995674289,-155.72954251034133,0.0
38,PHAN_XA_KHUECH_TAN,8.352740223926958e-07,0.0,8.352740223926958e-07,0.0,-121.56342050493544,0.4906802359982976,147.1022340419497,0.15711614764768456,93.73565152761158,-115.19485597517354,90.98165095237074,-166.22287141525862,0.0
39,PHAN_XA_GUONG -> KHUC_XA_TRUYEN_XUYEN -> KHUC_XA_TRUYEN_XUYEN,2.3060012608766556e-05,6.165753438835964e-05,6.582868469267955e-05,69.49412596309989,-83.63169644712335,0.3983514034189284,119.42274637871014,0.06478731506831537,90.00000250447816,172.65148644320965,90.00000250447816,179.3486371885689,0.0
40,PHAN_XA_KHUECH_TAN,1.0107287380378693e-05,0.0,1.0107287380378693e-05,0.0,-99.90730771667926,0.3527702006067557,105.75784554905238,0.01920611225614266,84.97707455866161,-20.839188903012165,86.01573459555628,-163.6254870776862,0.0
41,PHAN_XA_KHUECH_TAN -> PHAN_XA_GUONG,-4.040229214297142e-06,-1.1290558177279308e-06,4.195023139817633e-06,-164.38679836151582,-107.5453127850613,0.3541451292221609,106.17003877823925,0.020581040871547884,84.97707455866161,-20.839188903012165,97.8379860865263,-163.62421666250057,0.0
42,PHAN_XA_KHUECH_TAN,8.928676038522099e-07,0.0,8.928676038522099e-07,0.0,-120.98425868738529,0.4495412326832593,134.76907111846424,0.11597714433264628,94.32155198480444,-100.9868330674964,91.0562092973506,-166.1076734447172,0.0
43,PHAN_XA_KHUECH_TAN,3.2216651106864447e-06,0.0,3.2216651106864447e-06,0.0,-109.83839212215895,0.4741455938983563,142.14527304465804,0.1405815055477433,85.35659401989338,-96.35161397972647,88.58006081754587,-162.3457828347926,0.0
44,PHAN_XA_KHUECH_TAN,8.519178322785592e-07,0.0,8.519178322785592e-07,0.0,-121.39204582083667,0.4562720619105676,136.78692295689723,0.12270797355995455,94.44222776706023,-108.6498545237655,91.03000186150526,-167.29945949261437,0.0
45,PHAN_XA_KHUECH_TAN,1.1240410913160304e-06,0.0,1.1240410913160304e-06,0.0,-118.98435624143148,0.3901597551703162,116.9669520151873,0.05659566681970318,94.54568464241841,-63.789622847606964,91.2470789337066,-165.75347349473867,0.0
46,PHAN_XA_KHUECH_TAN,1.1466997875686502e-06,0.0,1.1466997875686502e-06,0.0,-118.81100535894119,0.37285411735865637,111.77885231837206,0.03929002900804335,94.93665833088828,-54.31760188399791,91.29221282374205,-167.73219295766972,0.0
47,PHAN_XA_KHUECH_TAN,9.492123922427709e-07,0.0,9.492123922427709e-07,0.0,-120.45273201154819,0.4066448582307203,121.90906158204916,0.07308076988010725,95.10346521079833,-82.04275015914327,91.15014488900579,-167.10811857320564,0.0
48,PHAN_XA_KHUECH_TAN -> PHAN_XA_KHUECH_TAN,8.948096592575894e-07,0.0,8.948096592575894e-07,0.0,-120.96538672888795,0.39433200527128065,118.21776112834618,0.06076791692066763,50.23188859042842,-80.47384887660218,91.11285888632669,-173.61198862543188,0.0
49,NHIEU_XA -> PHAN_XA_GUONG,-2.463470536895329e-06,-6.414489917005994e-08,2.4643055115469953e-06,-178.50844502487334,-112.16610903279775,0.40161017977879965,120.39970295370824,0.06804609142818663,84.197060125257,-33.40031489046852,99.42629193649941,-147.34510281355716,0.0
50,PHAN_XA_GUONG -> PHAN_XA_GUONG -> NHIEU_XA,-7.731153459644702e-07,1.2378878011531924e-07,7.8296296224547e-07,170.90319629533184,-122.12517563171119,0.835274761357141,250.4090738126207,0.5017106730065279,89.99998201391065,-80.93207260764,89.99998884409983,-155.72954251034133,0.0
51,PHAN_XA_KHUECH_TAN,2.823573595378548e-06,0.0,2.823573595378548e-06,0.0,-110.98401776116111,0.3557956347322033,106.6648478820374,0.022231546381590306,86.51122383870569,-15.412180135708494,84.3410336827717,-154.39842060337588,0.0
52,PHAN_XA_KHUECH_TAN,9.65692606769153e-07,0.0,9.65692606769153e-07,0.0,-120.30322186980587,0.3894532198955858,116.75513806851217,0.05588913154497277,95.49476674834837,-72.57069845968294,91.19299749585845,-168.05606686773336,0.0
53,PHAN_XA_KHUECH_TAN,8.262785513579729e-07,0.0,8.262785513579729e-07,0.0,-121.65747041135486,0.41140560824715067,123.33629853139837,0.07784151989653765,95.85752492535691,-95.55983113038191,91.10207401762723,-169.21799132857927,0.0
54,PHAN_XA_KHUECH_TAN,7.051490342746547e-07,0.0,7.051490342746547e-07,0.0,-123.0343816907315,0.4464108656065946,133.83061067810866,0.11284677725598158,95.94969832820624,-135.68408476813445,90.9976472554069,-173.27683124285934,0.0
55,NHIEU_XA -> PHAN_XA_GUONG,9.440715984965209e-06,-2.552458454374573e-06,9.779681102678442e-06,-15.129174348047483,-100.1935061304342,0.4098429258192482,122.86781812526408,0.07627883746863517,91.86559354418628,-50.90562528034764,91.86546377059204,-155.72940590655793,0.0
56,KHUC_XA_TRUYEN_XUYEN -> PHAN_XA_GUONG -> NHIEU_XA,-4.2468920469218574e-07,-8.732960168345016e-07,9.710853997466377e-07,-115.93393876490664,-120.25485150878454,0.5944536383140075,178.2127173971993,0.26088954996339453,89.99997518372149,-93.3070298364366,89.999995674289,-162.39347121557762,0.0
57,PHAN_XA_KHUECH_TAN,1.2083088449799106e-06,0.0,1.2083088449799106e-06,0.0,-118.35644090821765,0.3453813519627147,103.54272445226536,0.01181726361210167,96.2320515183054,-33.56450922302105,91.25517270787307,-173.61999360713912,0.0
58,PHAN_XA_GUONG -> NHIEU_XA,7.654276323876275e-09,-9.072471129911719e-07,9.072794012744137e-07,-89.51661755958413,-120.845178983257,0.47518895485154644,142.45806478939613,0.14162486650093342,90.00000933466734,173.47007095485733,90.00000933466734,-9.937694723484064,0.0
59,PHAN_XA_KHUECH_TAN,8.714320642866369e-07,0.0,8.714320642866369e-07,0.0,-121.195329285376,0.3761314815164951,112.76138137501164,0.042567393165882095,96.52032648241494,-68.952699445003,91.2020270059412,-170.11476784584525,0.0
60,PHAN_XA_KHUECH_TAN,7.896478564362042e-07,0.0,7.896478564362042e-07,0.0,-122.0513307843683,0.3959818855037156,118.71238277863347,0.06241779715310258,96.56646441025839,-89.01481601859552,91.12957918941487,-170.1160109402742,0.0
61,PHAN_XA_KHUECH_TAN,2.4761143322393764e-06,0.0,2.4761143322393764e-06,0.0,-112.12458612103283,0.5006864398637845,150.10201849403313,0.16712235151317145,52.49862688537513,-90.37295815391754,76.50328232715535,-161.7760357749868,0.0
62,PHAN_XA_KHUECH_TAN,7.399852961498254e-07,0.0,7.399852961498254e-07,0.0,-122.6155381963112,0.3835369568605529,114.98148703106511,0.04997286850993987,97.27641476315702,-82.46980090680916,91.15282232316044,-170.9913543239247,0.0
63,NHIEU_XA -> KHUC_XA_TRUYEN_XUYEN -> KHUC_XA_TRUYEN_XUYEN,6.8844301495119e-06,-1.4146064131637104e-05,1.5732339587610552e-05,-64.04931703544274,-96.0641337555005,0.3983684564445866,119.42785874718857,0.06480436809397361,89.99996835353231,174.43034091064777,90.00000250447816,179.5064828602879,0.0
64,PHAN_XA_KHUECH_TAN,6.07498805038631e-07,0.0,6.07498805038631e-07,0.0,-124.32909143988154,0.39979030930226145,119.85411951030522,0.06622622095164843,97.9585662461337,-108.38594284442537,91.08448628051445,-172.59907157151898,0.0
65,PHAN_XA_GUONG -> NHIEU_XA,2.5704973722895375e-06,-2.1158743948035408e-06,3.329321431693351e-06,-39.45909838380806,-109.55288547102215,0.5042094812779396,151.1581997392185,0.1706453929273266,90.00000933466734,50.95095724586902,89.99998201391065,-140.31376457248751,0.0
66,PHAN_XA_KHUECH_TAN,6.678891395495157e-07,0.0,6.678891395495157e-07,0.0,-123.50591236957534,0.36855038842986687,110.48862684424455,0.03498630007925385,98.18426984725677,-71.1887394547251,91.18583945760827,-172.15336074704064,0.0
67,NHIEU_XA -> KHUC_XA_TRUYEN_XUYEN,5.590972023128415e-07,2.081646243823343e-06,2.1554212502566357e-06,74.96606163318276,-113.32935679513722,0.39931131823323085,119.7105216003605,0.06574722988261783,90.00000933466734,20.698731185372733,90.0000161648565,127.67525083418764,0.0
68,PHAN_XA_KHUECH_TAN,6.156315635053033e-07,0.0,6.156315635053033e-07,0.0,-124.2135824387743,0.38440020944108255,115.24028364405694,0.05083612109046953,98.23057852982946,-91.25085602831763,91.12903277428127,-172.15301923758213,0.0
69,PHAN_XA_KHUECH_TAN,9.866754453469184e-07,0.0,9.866754453469184e-07,0.0,-120.11651359249628,0.3490327173949481,104.63737627025085,0.015468629044335103,98.33480721656386,-46.390624352159094,91.17994500435455,-174.14586353171674,0.0
70,NHIEU_XA -> PHAN_XA_GUONG -> PHAN_XA_GUONG,1.1315873962303158e-06,1.898759137475281e-06,2.2103792202817097e-06,59.206684446510195,-113.11066421727253,0.6062044803911704,181.73553122708176,0.27264039204055734,90.0000161648565,103.28788964792786,89.99998884409983,-136.19561129545505,0.0
71,PHAN_XA_KHUECH_TAN,5.363924060475256e-07,0.0,5.363924060475256e-07,0.0,-125.4103475856482,0.3986787646681478,119.52088681226758,0.06511467631753476,98.59548821642656,-114.23997503863824,91.07697990261661,-173.47191510593325,0.0
72,PHAN_XA_GUONG -> PHAN_XA_GUONG -> PHAN_XA_GUONG,-4.327225178712979e-05,-3.1852920074015856e-05,5.373170657973185e-05,-143.64303038149416,-85.39538731057277,0.5978175181553524,179.22118320325274,0.2642534298047394,90.0000161648565,123.78288995073744,89.99998884409983,-131.78232554438634,0.0
73,PHAN_XA_KHUECH_TAN,5.921421006860328e-07,0.0,5.921421006860328e-07,0.0,-124.55148119870714,0.3747121581909596,112.33587894655261,0.04114806984034658,98.62446870907493,-81.77879749866813,91.15504896482986,-172.42323518152617,0.0
74,PHAN_XA_KHUECH_TAN,5.140263397152012e-07,0.0,5.140263397152012e-07,0.0,-125.78029252671399,0.4025464193091466,120.68038050378772,0.06898233095853357,98.71720218743619,-121.90304430623152,91.06343563749247,-174.08562126323724,0.0
75,PHAN_XA_GUONG -> NHIEU_XA,1.216827513417229e-06,-2.751575038928422e-06,3.008626662160512e-06,-66.14357439402988,-110.43263400274557,0.5147525712345669,154.3189385922309,0.18118848288395384,89.99998884409983,-144.9356306404301,89.999995674289,-162.39347121557762,0.0
76,PHAN_XA_KHUECH_TAN,5.642907581204781e-07,0.0,5.642907581204781e-07,0.0,-124.96994124978778,0.3659060325844621,109.69586890552398,0.03234194423384906,99.01876186948142,-72.30677995015365,91.17971277792277,-172.8847100826089,0.0
77,PHAN_XA_GUONG -> PHAN_XA_GUONG -> PHAN_XA_KHUECH_TAN,1.1297288438072428e-06,5.653992047882639e-07,1.2633144981774137e-06,26.586744878351176,-117.9697703947457,0.6983381126701715,209.35649931247167,0.3647740243195585,99.1638350874525,89.99913507045358,83.25275915174605,-161.73920739498212,0.0
78,PHAN_XA_KHUECH_TAN,6.7876426328439265e-06,0.0,6.7876426328439265e-06,0.0,-103.36562062428672,0.49169784688274376,147.4073061102854,0.15813375853213074,75.84403929865488,-133.64960364081944,86.80447801072019,-170.78281498818586,0.0
79,KHUC_XA_TRUYEN_XUYEN -> NHIEU_XA,1.7955042039830005e-06,2.318901579201338e-06,2.932770001303049e-06,52.249710153683615,-110.65443989334898,0.4241250906034111,127.14950341146931,0.09056100225279806,90.00000933466734,17.56333455442567,90.0000161648565,104.54069660586993,0.0
80,KHUC_XA_TRUYEN_XUYEN -> PHAN_XA_KHUECH_TAN -> KHUC_XA_TRUYEN_XUYEN,-6.98868007020792e-07,-1.8549808373791166e-06,1.982263957771755e-06,-110.6440080157947,-114.05677030911397,0.5083938958705403,152.41265567522532,0.17482980751992727,75.90312726516466,-68.72728271182507,81.76823802621129,-147.5297228268226,0.0
81,PHAN_XA_KHUECH_TAN -> PHAN_XA_GUONG -> PHAN_XA_KHUECH_TAN,-2.853784053513664e-06,-1.6762021459726384e-07,2.8587024959639486e-06,-176.63853004327603,-110.87662078290032,0.4944682814311818,148.23786149328976,0.1609041930805688,144.09501193851995,-73.02151826566048,76.11147535560673,-160.8695603890994,0.0
82,PHAN_XA_KHUECH_TAN,2.203028543590335e-06,0.0,2.203028543590335e-06,0.0,-113.13959751732537,0.5143891712577897,154.20999401995573,0.1808250829071767,47.94964576606577,-90.63687666344684,74.26458537384612,-161.80182656929279,0.0
